product_id,product_name,category,supplier_id,cost_price,retail_price,inventory_count,reorder_level,discontinued
1,Product_1,Home,92,26.437128848515197,39.19197691707078,38,10,False
2,Product_2,Home,51,16.27047170134606,29.737835567421477,57,10,False
3,Product_3,Sports,16,59.51971370513963,153.18487280972838,42,12,False
4,Product_4,Sports,60,6.303638807603891,22.74242592202878,55,8,False
5,Product_5,Home,48,23.748091906350222,23.46017087835538,54,7,False
6,Product_6,Books,96,10.154833949928237,91.14499514374391,53,12,False
7,Product_7,Clothing,51,12.24079843754606,27.901264850328428,54,5,False
8,Product_8,Electronics,5,34.72188101273621,54.702125274252154,43,12,False
9,Product_9,Books,53,38.388909890335604,39.832266927071764,52,13,False
10,Product_10,Home,32,11.190604596240197,156.3287172768384,49,4,False
11,Product_11,Electronics,97,16.57235385161782,6.729764348600445,42,17,True
12,Product_12,Home,11,25.911544537300724,195.43671645399598,47,13,False
13,Product_13,Books,83,3.308333885150834,162.3018482266806,49,7,False
14,Product_14,Books,81,3.90252672581368,17.429975942618398,51,8,False
15,Product_15,Sports,73,19.07597888380402,68.69853269268617,58,6,False
16,Product_16,Clothing,66,19.849402968130487,55.90856814765645,51,6,False
17,Product_17,Sports,18,19.282852083486077,292.5015172442947,44,13,False
18,Product_18,Home,48,25.62600502920175,150.9506130372274,57,8,False
19,Product_19,Home,60,36.62989047833083,40.43604107132183,59,7,False
20,Product_20,Electronics,70,11.503610647294458,73.57489664287311,53,6,False
21,Product_21,Sports,38,7.864829011718768,98.40593876468236,59,7,False
22,Product_22,Sports,1,1.4919464884638398,25.581988356297355,51,15,False
23,Product_23,Electronics,30,13.511625873501272,23.065614656433407,42,6,False
24,Product_24,Clothing,26,25.44344081726027,15.193037699748729,56,10,False
25,Product_25,Clothing,67,20.89910841596528,61.008586487473785,42,16,False
26,Product_26,Electronics,93,65.89529453671263,34.21752819117394,36,11,False
27,Product_27,Sports,89,4.847426871355822,14.494157537696799,49,6,False
28,Product_28,Clothing,83,19.254415238954785,141.36700149142533,54,10,False
29,Product_29,Clothing,87,13.568354611178691,29.109373936151357,45,6,False
30,Product_30,Home,4,26.505820205241335,529.7159840155695,52,8,False
31,Product_31,Electronics,20,41.166022325532275,87.57857315906858,45,14,False
32,Product_32,Home,7,15.058237448754133,77.70103412259955,50,9,False
33,Product_33,Home,11,20.598634423209376,34.130252727167566,59,13,False
34,Product_34,Books,14,21.289317470112866,96.18469416528028,53,14,False
35,Product_35,Electronics,59,19.422270943681035,564.5458950543833,46,9,False
36,Product_36,Sports,27,27.596934895502816,120.31454491336403,43,8,False
37,Product_37,Sports,91,21.171499113594642,56.17747336744555,52,10,False
38,Product_38,Sports,55,35.58754679142093,167.1139976909028,49,16,True
39,Product_39,Clothing,27,8.019791068703269,26.70068138189479,52,12,False
40,Product_40,Electronics,38,8.148625026287325,111.28542092737948,45,5,False
41,Product_41,Home,65,11.942849244750349,91.7161547483826,62,8,True
42,Product_42,Books,96,14.349294248967198,54.896206775397175,56,8,False
43,Product_43,Books,73,14.67477170031579,20.29795630634212,47,8,False
44,Product_44,Clothing,66,22.746006440800056,43.43619990366549,54,7,False
45,Product_45,Home,61,9.326696250481032,27.725021349900942,52,12,False
46,Product_46,Electronics,18,26.756016854864853,26.711764476856672,45,8,False
47,Product_47,Electronics,89,6.006125799022233,53.44619676379358,60,8,True
48,Product_48,Home,14,6.488487591535749,22.918155724496728,52,15,False
49,Product_49,Sports,98,1.4927830578557852,68.21495056924746,52,12,False
50,Product_50,Clothing,57,5.476582287559824,116.32672764414588,58,8,False
51,Product_51,Sports,81,8.846496092406575,74.36096461384784,60,8,False
52,Product_52,Electronics,48,12.610896376206217,26.88087505737618,50,8,False
53,Product_53,Home,33,11.089531017369557,768.3577255083671,51,10,False
54,Product_54,Electronics,90,5.736763249140214,133.65604190814315,46,4,False
55,Product_55,Home,83,26.423854805787684,92.74395395978742,61,10,True
56,Product_56,Clothing,11,11.640812312474491,146.37895981974478,42,8,False
57,Product_57,Sports,42,6.266047519550812,53.53722804968928,57,10,False
58,Product_58,Home,30,42.589720900694324,68.54788566668618,55,9,False
59,Product_59,Clothing,4,140.03960367872324,74.47498180062072,56,11,False
60,Product_60,Home,87,85.01800746639805,83.06659514119426,46,9,False
61,Product_61,Electronics,66,3.3610738299315672,28.627492184218756,43,14,False
62,Product_62,Books,84,61.72932100731095,27.982462433292316,38,7,False
63,Product_63,Sports,1,24.623726154841474,54.46501197125911,52,9,False
64,Product_64,Electronics,95,57.52023951083803,126.0187912877101,59,14,False
65,Product_65,Books,23,12.66773704841227,143.5275080244582,57,11,False
66,Product_66,Books,54,8.424046612599318,65.30540845925017,52,9,True
67,Product_67,Sports,87,6.873205190229586,61.76139674720395,61,11,False
68,Product_68,Clothing,83,15.302541587625319,19.069758162798266,47,10,False
69,Product_69,Sports,61,129.89919916230002,59.79641646422549,65,6,False
70,Product_70,Books,67,21.736894521696005,98.20743301380084,50,6,False
71,Product_71,Home,65,21.831985002964224,51.79276927620436,58,5,False
72,Product_72,Books,56,67.4214566238674,71.03252773519083,61,12,False
73,Product_73,Electronics,29,29.990564681721448,39.25045715408932,50,12,False
74,Product_74,Sports,39,35.916877494183176,20.65465791473329,46,10,False
75,Product_75,Home,33,81.98897922747223,29.689486821695752,56,8,False
76,Product_76,Books,91,17.35317184191889,28.19175656614712,59,13,False
77,Product_77,Clothing,7,18.417413992683993,68.25665505084011,49,9,False
78,Product_78,Clothing,14,7.684035368861882,47.51968040442046,55,5,False
79,Product_79,Clothing,24,24.01659643234674,29.654905075650383,45,5,False
80,Product_80,Electronics,46,34.520228104351844,40.400117390341876,69,14,False
81,Product_81,Books,16,13.622002056110164,65.06620746280961,55,10,False
82,Product_82,Books,36,8.826633307707102,112.7485259182541,46,9,False
83,Product_83,Sports,70,40.35114590621438,21.7474920701466,39,5,False
84,Product_84,Books,53,62.37940718124372,44.443984752143365,44,10,False
85,Product_85,Home,24,177.64111691581257,39.23118884199719,51,8,True
86,Product_86,Clothing,27,40.38807220296448,136.93174284600352,48,10,False
87,Product_87,Sports,96,13.841181242406885,21.768505441734238,57,12,False
88,Product_88,Books,6,15.158788091555753,119.31698169130313,48,12,False
89,Product_89,Books,10,9.048332475947982,24.635020068053375,53,11,False
90,Product_90,Sports,8,9.932992833837918,343.20716152994135,55,10,False
91,Product_91,Sports,83,18.79062114716884,161.54783970243537,51,12,False
92,Product_92,Clothing,18,49.91553795316383,249.6078924350519,52,12,False
93,Product_93,Home,24,12.322930572572718,64.67352575768892,59,12,False
94,Product_94,Electronics,97,17.279468945291487,19.871931828065993,41,16,False
95,Product_95,Sports,29,163.13585026699607,53.46242266255824,64,9,False
96,Product_96,Books,51,52.14534632944438,80.1422241001101,52,9,False
97,Product_97,Clothing,7,26.34783176769225,62.06865864545625,57,11,True
98,Product_98,Home,46,3.024234973721642,1061.9291499653043,64,9,False
99,Product_99,Books,71,4.7612437882967855,355.42649708690624,39,5,False
100,Product_100,Books,42,0.5753130039159706,85.27709041525675,49,5,False
101,Product_101,Sports,64,5.1757490996627435,19.288277493031895,57,14,False
102,Product_102,Sports,24,33.1253496007851,111.69051401422753,45,11,True
103,Product_103,Sports,80,54.18457780443522,117.44211499589616,49,13,False
104,Product_104,Books,23,3.7850066598688237,11.395564296481284,59,7,False
105,Product_105,Sports,23,11.337562152737886,161.33008921830213,61,13,False
106,Product_106,Sports,63,6.5134412252290135,426.4475224075285,54,5,False
107,Product_107,Electronics,84,24.03268680162831,45.88729496683488,37,10,False
108,Product_108,Clothing,28,28.364958492352237,29.82664199237324,57,8,False
109,Product_109,Home,19,31.889136133088638,38.897043614496155,48,10,False
110,Product_110,Electronics,40,2.4771087810338006,22.575957161038154,52,13,False
111,Product_111,Books,93,4.894800981779712,52.45644402995291,50,16,False
112,Product_112,Sports,94,11.76844946815826,74.01618512282386,45,15,False
113,Product_113,Electronics,4,77.90534011376057,95.3638356652267,54,7,False
114,Product_114,Home,80,222.15273616099958,76.15584638506498,49,4,False
115,Product_115,Sports,1,28.394021480216185,147.8397119039622,49,7,False
116,Product_116,Sports,6,61.402205721286215,11.46109018492518,57,10,False
117,Product_117,Books,69,7.706528408269708,102.6467634851353,42,16,False
118,Product_118,Home,83,10.345786846942364,147.65518855746757,51,5,False
119,Product_119,Home,10,1.1982493862996326,121.49676422331127,45,9,False
120,Product_120,Clothing,95,29.60575113161585,44.04686867649752,44,8,False
121,Product_121,Books,81,17.99134872075738,58.287615278419544,57,10,False
122,Product_122,Sports,24,52.586363079546494,35.88699070155458,53,16,False
123,Product_123,Books,20,11.910606649812983,35.96160305446039,53,11,True
124,Product_124,Home,75,4.522808170677791,26.9132518309535,44,11,False
125,Product_125,Sports,98,6.709253198664928,347.5679691626279,53,12,False
126,Product_126,Clothing,51,18.13138806081181,100.81886142304201,58,12,False
127,Product_127,Clothing,39,4.6481402745734535,89.14264921484146,56,15,False
128,Product_128,Sports,68,71.30869759840466,30.73384307197423,47,11,False
129,Product_129,Books,95,70.34572368083835,139.2644337592494,47,12,False
130,Product_130,Home,16,72.42653897595069,28.666478079985247,46,6,False
131,Product_131,Clothing,69,25.79979303693414,9.827164140438578,45,10,False
132,Product_132,Sports,7,31.41720281891552,136.66703307741554,45,12,False
133,Product_133,Sports,10,90.19532896628485,73.00329260107345,49,10,False
134,Product_134,Electronics,94,2.908424337667806,567.6112431483028,54,9,True
135,Product_135,Home,36,148.54382067300367,16.8001932847918,47,10,False
136,Product_136,Books,9,10.33535143621123,38.89910176739617,49,10,False
137,Product_137,Clothing,11,22.256399087646198,65.55788357669645,50,5,False
138,Product_138,Electronics,60,17.565750508151343,54.31451053330535,57,19,False
139,Product_139,Sports,74,53.08799619871052,6.433413402393502,49,7,False
140,Product_140,Home,48,10.062200818100163,87.12024717547844,62,7,False
141,Product_141,Books,68,45.46569939850261,248.45329576849875,46,13,False
142,Product_142,Books,9,4.521675253467287,75.34606435625912,50,12,False
143,Product_143,Electronics,95,3.3114210192416826,72.30760287892569,49,7,False
144,Product_144,Home,34,54.8409742525989,25.819780189544304,61,13,True
145,Product_145,Sports,60,18.252383359497767,14.576898028125745,58,4,False
146,Product_146,Books,14,54.37398659406937,23.556423472756137,46,12,False
147,Product_147,Sports,45,17.310096389522148,59.611529952209644,49,9,False
148,Product_148,Books,52,10.674506882356479,48.40018311022999,51,7,False
149,Product_149,Books,33,21.43172743916318,285.5390574186434,48,22,False
150,Product_150,Clothing,27,44.2764558523996,19.01500445390936,43,10,False
151,Product_151,Home,68,28.29674980318879,23.620136373053853,51,12,False
152,Product_152,Sports,42,50.08463008698416,214.45730604741416,48,5,False
153,Product_153,Home,97,73.61526748423654,42.556201408145235,41,4,False
154,Product_154,Clothing,33,4.296892663364191,59.7521892264925,42,15,False
155,Product_155,Books,37,61.19822451477329,116.43433359847519,44,11,False
156,Product_156,Electronics,85,29.163270094181826,96.69012461724274,55,10,False
157,Product_157,Clothing,82,27.57890835074113,47.63586649502857,40,7,False
158,Product_158,Books,88,11.530837650202926,69.1460652658068,52,14,False
159,Product_159,Home,65,39.66684761196014,84.72690965556906,50,12,False
160,Product_160,Sports,57,27.731513758530472,7.612037490065527,51,13,False
161,Product_161,Clothing,65,10.44577039814648,31.871851020906043,49,16,False
162,Product_162,Clothing,74,51.03215650366161,173.98516491258744,44,9,False
163,Product_163,Clothing,41,22.113795500579123,174.1631896126641,54,10,False
164,Product_164,Books,85,98.65522366613239,117.06297853041538,51,13,True
165,Product_165,Electronics,38,26.422694762094643,241.30159783046687,64,5,False
166,Product_166,Home,44,119.02443125340633,56.01131476395424,58,5,False
167,Product_167,Books,29,190.9784392182569,26.264331067540102,51,7,False
168,Product_168,Books,93,1.7570464690315033,5.380639830879898,53,7,False
169,Product_169,Clothing,52,9.361202139578477,121.48910845480495,48,18,True
170,Product_170,Books,56,29.35373300285604,392.0672477420444,50,7,False
171,Product_171,Electronics,50,28.666109345282948,111.18322334824308,67,6,False
172,Product_172,Books,69,23.515182292795966,19.45250567468634,51,8,False
173,Product_173,Electronics,22,12.799304258416562,294.1972041499211,38,14,False
174,Product_174,Books,62,5.466143001851178,24.869138752191905,46,14,False
175,Product_175,Sports,40,5.375543039581127,131.8636225937828,50,11,False
176,Product_176,Electronics,10,343.93265803906877,161.94741916148948,52,7,False
177,Product_177,Sports,85,45.639914028422915,10.691571475272081,47,11,False
178,Product_178,Electronics,31,7.4527277476534985,38.67863869898566,42,9,False
179,Product_179,Books,56,8.602488145071451,27.945867866887088,42,8,False
180,Product_180,Clothing,7,3.4999255613839866,179.22471461130075,45,10,False
181,Product_181,Clothing,60,14.00637311111886,127.87869238528887,60,15,False
182,Product_182,Clothing,65,8.182716610326686,28.92074453985414,66,12,False
183,Product_183,Home,14,76.17231212672164,179.33068619025767,57,6,False
184,Product_184,Electronics,29,23.160834080454908,44.80778588018522,51,6,False
185,Product_185,Home,22,33.0647048559767,185.3312152633934,49,11,False
186,Product_186,Clothing,21,28.79562625531174,78.04065569022852,48,9,False
187,Product_187,Home,98,23.37576222261687,39.56817894944289,58,10,False
188,Product_188,Sports,79,4.056553628316226,29.74405403492831,46,6,False
189,Product_189,Home,57,12.18672268022439,68.14810165833303,33,14,False
190,Product_190,Home,30,34.03968453587692,14.357774819935521,59,7,False
191,Product_191,Electronics,89,21.0030719698309,83.07573730606961,56,9,False
192,Product_192,Electronics,31,34.23504265401312,96.42937908228187,46,9,False
193,Product_193,Sports,61,11.168719865338556,34.79366922179616,55,17,False
194,Product_194,Home,92,19.972632363939333,17.829890082099332,54,13,False
195,Product_195,Electronics,60,9.56438790025056,122.3571467137035,50,10,False
196,Product_196,Sports,42,9.286714144862689,116.79278693101494,51,14,False
197,Product_197,Electronics,34,152.71989984777997,131.64963950157866,53,17,False
198,Product_198,Electronics,77,26.802929109330844,32.897549360967595,54,11,False
199,Product_199,Electronics,18,97.40786459665127,29.091706770741435,44,8,False
200,Product_200,Clothing,56,39.8905665120322,33.03867810239473,44,7,False
201,Product_201,Sports,22,18.703402381057682,108.61857116179227,36,12,False
202,Product_202,Books,62,29.87434238799971,31.419394825746974,35,9,True
203,Product_203,Electronics,40,11.819927217364702,19.799381249494232,52,7,False
204,Product_204,Electronics,45,217.82176271061687,282.5334597886324,48,9,False
205,Product_205,Sports,94,10.923146585410953,32.748003949100735,46,14,False
206,Product_206,Books,5,24.41581144781011,177.5832086547744,51,7,False
207,Product_207,Clothing,50,25.800749428298154,162.73919958652237,46,8,False
208,Product_208,Electronics,33,216.53256642767457,152.37314982737553,34,11,False
209,Product_209,Home,7,8.944647853999687,32.92630307562842,42,9,False
210,Product_210,Books,35,5.9467674689121806,16.634832233035556,59,11,False
211,Product_211,Electronics,5,34.531051829011375,143.38843894640178,41,16,False
212,Product_212,Books,30,3.9162134540603883,105.12330435760872,54,16,False
213,Product_213,Clothing,64,78.48962041526379,30.86914117823123,65,10,False
214,Product_214,Electronics,29,15.22785788240213,52.530149429560424,52,7,False
215,Product_215,Clothing,35,38.48044823154191,55.96342181243765,41,11,False
216,Product_216,Books,73,1.158341277665919,86.98824616874889,72,11,True
217,Product_217,Home,35,18.219157594940356,11.937841101821968,45,8,False
218,Product_218,Books,97,5.490090997617933,213.61923197281655,59,11,False
219,Product_219,Sports,92,24.653685185127966,31.136614882307857,51,6,False
220,Product_220,Sports,3,15.526828257614174,1008.5896198113327,63,8,False
221,Product_221,Home,40,22.438438963182776,20.64582360695543,51,11,False
222,Product_222,Books,35,12.183837963429779,442.7648134131044,59,14,True
223,Product_223,Clothing,85,14.923103712355763,47.16469631542933,49,9,False
224,Product_224,Electronics,79,15.679898371367155,497.7069478395008,58,11,True
225,Product_225,Books,14,3.927137216556153,157.32727646183625,49,8,False
226,Product_226,Clothing,30,8.652957828979424,156.3412166608797,48,18,False
227,Product_227,Clothing,9,3.6819478650884396,72.29341370881953,47,15,False
228,Product_228,Clothing,62,42.709637210332254,52.329564992073685,42,10,False
229,Product_229,Home,63,22.055358587464447,61.34806442522626,43,11,False
230,Product_230,Clothing,96,59.60690703780281,123.04108779964743,56,13,False
231,Product_231,Sports,43,8.877833324000958,20.417525369839165,61,8,True
232,Product_232,Sports,21,23.987149962959982,27.17319018741035,37,4,False
233,Product_233,Electronics,93,27.99614951404838,106.17304786892612,48,9,False
234,Product_234,Electronics,61,10.812081625590665,67.33113207970501,61,7,False
235,Product_235,Sports,80,155.07117150661685,84.20625732455937,56,7,False
236,Product_236,Electronics,26,30.183063148626093,134.04417018452327,47,10,False
237,Product_237,Books,41,47.1051782979886,64.41780800353636,43,8,False
238,Product_238,Sports,80,15.978017740886667,153.4513655204711,61,8,False
239,Product_239,Electronics,72,10.965966680563913,26.60146913069189,51,11,True
240,Product_240,Books,36,22.09657387403888,1.7747283701699883,59,10,False
241,Product_241,Clothing,56,13.969821325399085,42.85183801122124,54,17,False
242,Product_242,Sports,17,5.591848948664151,49.84007233569419,50,10,False
243,Product_243,Sports,71,22.166829677585937,22.716008928695995,53,12,False
244,Product_244,Books,35,9.699431707564353,42.457342795744694,26,8,False
245,Product_245,Home,35,5.469488709700639,193.87434923496932,60,4,False
246,Product_246,Home,34,59.87354454157536,259.17204972746356,54,8,False
247,Product_247,Books,96,10.606146248793728,94.86442191424233,54,11,False
248,Product_248,Electronics,72,10.651881596718429,53.313831946027015,40,12,False
249,Product_249,Sports,53,22.03685646777414,26.96756636206639,53,7,False
250,Product_250,Sports,4,2.2367500887266223,46.278890631777536,59,11,False
251,Product_251,Books,27,12.611781579975023,166.146381673897,44,10,False
252,Product_252,Sports,92,5.757261209020994,131.44948960147974,41,6,False
253,Product_253,Electronics,43,21.87334996393739,28.595891833233836,40,9,False
254,Product_254,Books,4,28.33840898713191,229.07767178111328,37,13,False
255,Product_255,Sports,26,26.61046407946325,21.639518356914877,41,10,False
256,Product_256,Sports,85,6.006097545498674,11.878277424249719,47,7,False
257,Product_257,Clothing,32,44.321106291617504,156.66413446458162,62,12,False
258,Product_258,Books,20,74.15121008221371,29.490457254088,53,7,False
259,Product_259,Home,81,45.79544651710361,35.84381257902491,57,7,False
260,Product_260,Clothing,13,8.965269420912827,40.44283657452491,41,8,False
261,Product_261,Electronics,48,25.54899003092382,3.2665588159604306,39,10,False
262,Product_262,Home,79,49.32699841702899,29.734581534678917,55,10,False
263,Product_263,Books,49,12.227011122879054,8.809543230257988,57,12,False
264,Product_264,Electronics,86,44.16708082721016,103.14619852217699,40,9,False
265,Product_265,Clothing,46,17.34279515660873,115.87998130336105,47,15,True
266,Product_266,Sports,68,20.434680920195504,15.517932358737438,42,12,False
267,Product_267,Home,9,6.953044185633875,65.77333112602885,55,10,False
268,Product_268,Books,13,30.02403396008525,34.31663698691462,53,10,False
269,Product_269,Electronics,88,39.491873657097756,18.008310543836625,38,14,False
270,Product_270,Sports,25,24.77733196087551,1.954976196333556,48,17,False
271,Product_271,Books,43,126.07943835858894,101.97879209978166,59,16,False
272,Product_272,Home,74,166.50800617356205,169.94794017570794,42,8,False
273,Product_273,Sports,54,50.00384458683748,98.13419914512407,51,9,False
274,Product_274,Home,75,4.701897702826227,33.73646752827831,47,7,False
275,Product_275,Books,74,105.17578616980731,100.97746636220697,47,5,False
276,Product_276,Electronics,34,61.91738075613826,59.19222777766335,45,2,False
277,Product_277,Clothing,71,56.790602482789204,17.488216974806267,46,11,False
278,Product_278,Home,22,147.9330253321763,197.6238706820794,50,12,False
279,Product_279,Books,96,64.01605414701515,96.5057488684821,69,12,False
280,Product_280,Clothing,33,18.806724715033603,67.92538199706762,48,9,False
281,Product_281,Electronics,77,5.453431282246251,16.675287001542742,40,8,True
282,Product_282,Books,82,15.748132246126874,690.2472522295175,51,9,False
283,Product_283,Home,46,42.49778986400906,113.75645198446038,48,11,False
284,Product_284,Books,93,11.65894196200329,341.26766887606124,59,12,False
285,Product_285,Books,23,7.296295183216198,219.20169674645282,49,15,False
286,Product_286,Sports,44,82.30972538197662,259.8612927030154,42,4,False
287,Product_287,Home,18,23.29319601776617,11.795030083636199,41,11,False
288,Product_288,Electronics,22,12.851092646792925,218.7654409626804,41,7,False
289,Product_289,Clothing,24,60.15968009905582,285.9185774778905,48,12,False
290,Product_290,Clothing,43,11.165024940298942,65.04597960851227,61,12,False
291,Product_291,Books,60,13.7118574853897,14.35258976872522,52,15,False
292,Product_292,Home,85,18.732881740438852,201.058351560724,53,10,False
293,Product_293,Home,45,61.95646708473553,44.302171698101326,49,8,False
294,Product_294,Clothing,93,25.627458456009684,25.241476365856045,46,10,False
295,Product_295,Books,77,62.104621701431995,81.34221792543839,49,6,False
296,Product_296,Home,8,9.159986803209843,12.110737365863411,63,3,False
297,Product_297,Home,70,48.771340829019344,102.41741954597971,50,11,True
298,Product_298,Books,38,10.321895805305934,27.307940482680806,48,7,False
299,Product_299,Home,85,10.949991979499847,26.04883365176373,45,14,False
300,Product_300,Clothing,45,2.1320535731691077,121.83893661149398,48,6,False
301,Product_301,Electronics,18,31.464315069282424,26.86535794299447,42,10,False
302,Product_302,Books,35,29.799886647676598,32.53763357793399,48,9,False
303,Product_303,Home,42,17.723075993815858,112.16256270283039,53,9,False
304,Product_304,Sports,63,46.55427330193304,15.351683562785897,51,15,False
305,Product_305,Electronics,15,11.708034770557868,10.547278909302545,48,13,False
306,Product_306,Books,22,20.1164678172671,272.3660677193299,50,7,False
307,Product_307,Electronics,83,17.07045375738737,53.42608015054164,43,10,True
308,Product_308,Electronics,54,15.453874248101844,4.521151371640757,40,13,False
309,Product_309,Electronics,74,29.966079633687,1062.9778167834413,55,13,False
310,Product_310,Electronics,92,7.725696302839866,22.76287605648242,48,9,False
311,Product_311,Sports,28,645.2483731949359,73.60401393581866,52,8,False
312,Product_312,Electronics,65,44.149856091325105,255.2630970069084,53,12,False
313,Product_313,Home,59,6.639338003589124,172.16114092371376,59,11,False
314,Product_314,Sports,35,23.069716943943654,142.1186192921692,57,18,False
315,Product_315,Clothing,99,87.43055812165032,75.12464985460116,57,10,False
316,Product_316,Sports,20,15.838105202279971,125.74895963590498,54,13,False
317,Product_317,Electronics,72,44.786485917224404,350.59319142290514,62,7,False
318,Product_318,Electronics,88,376.64087260779473,18.958537276165675,48,12,False
319,Product_319,Clothing,51,9.483337555970229,13.444087755704787,51,9,False
320,Product_320,Clothing,62,4.233120078963571,51.05142940942285,52,8,True
321,Product_321,Books,25,31.499039710706707,9.258245286413597,43,5,False
322,Product_322,Sports,58,9.557070844723984,19.631593600391273,51,13,False
323,Product_323,Clothing,8,32.97057255794931,7.139302596741287,39,12,False
324,Product_324,Home,25,15.090554314798641,65.39037915817535,65,13,False
325,Product_325,Home,29,1.9002775236590814,155.9918384186809,48,12,False
326,Product_326,Clothing,13,41.6061724206016,100.88061592695364,55,13,True
327,Product_327,Books,43,93.90584746330521,116.84552856324022,60,11,False
328,Product_328,Clothing,8,14.939253762152374,30.40886560572222,56,14,False
329,Product_329,Sports,49,22.867609644874886,10.771904116624901,43,10,False
330,Product_330,Clothing,31,21.468132793168422,22.446274871488622,49,10,False
331,Product_331,Electronics,17,8.543427762754682,46.80524605630487,39,10,False
332,Product_332,Clothing,44,41.17727709693147,71.76854290868665,44,16,False
333,Product_333,Sports,92,3.936877289773731,207.31925799294334,42,8,False
334,Product_334,Electronics,58,6.512586175929306,47.06133334284928,45,9,False
335,Product_335,Electronics,30,13.846558335891208,144.44252991477524,49,12,False
336,Product_336,Clothing,79,44.85661622251511,71.40388450137188,48,14,False
337,Product_337,Books,18,13.995717161187287,63.39202782147214,62,17,False
338,Product_338,Books,78,46.36590223869499,258.5604433159622,52,11,False
339,Product_339,Clothing,35,24.560106610780227,362.8800603839616,47,12,False
340,Product_340,Home,99,8.205854988187088,102.92334279821883,43,12,False
341,Product_341,Clothing,64,29.94346958074018,53.624277265648864,45,13,False
342,Product_342,Home,75,31.540785229801575,182.67700656551736,49,16,False
343,Product_343,Clothing,97,15.178031033904352,18.45362589336098,66,9,False
344,Product_344,Electronics,100,33.66165186812078,89.50619340299313,50,12,False
345,Product_345,Home,66,58.41009997969246,22.203391593292615,46,17,False
346,Product_346,Clothing,53,27.928630284284846,11.486009824245405,51,7,False
347,Product_347,Clothing,77,24.553180735894085,197.76270353384993,51,7,False
348,Product_348,Sports,17,21.79377829722181,68.27797131206665,56,12,False
349,Product_349,Sports,8,14.11047737845561,122.49786461478135,54,16,False
350,Product_350,Home,48,5.597072578260573,200.8854810153859,39,17,False
351,Product_351,Sports,21,14.023185859309189,25.609789536205117,51,7,False
352,Product_352,Electronics,28,58.070633587040305,112.0760617743683,48,11,False
353,Product_353,Electronics,12,6.2190174467158705,30.42117711200374,43,6,False
354,Product_354,Clothing,12,14.456578136142028,58.56199421013752,60,9,True
355,Product_355,Books,44,22.908297499656587,75.35214156011078,50,8,False
356,Product_356,Electronics,34,27.318193456259383,42.769001783059934,61,9,False
357,Product_357,Sports,38,15.068815110160907,164.9711342686447,59,9,False
358,Product_358,Books,100,13.113868826101305,104.01851915983549,52,15,True
359,Product_359,Home,90,8.321245441791845,17.11643169775771,51,6,True
360,Product_360,Home,29,7.996070262511716,28.566370749696134,37,15,False
361,Product_361,Books,65,18.183148586297403,30.943477520167438,57,7,False
362,Product_362,Electronics,27,54.82291932038491,52.61305708248624,50,10,False
363,Product_363,Electronics,62,29.91815637320823,60.84288933848801,52,9,False
364,Product_364,Clothing,98,7.786316962996696,105.54201221322295,52,7,False
365,Product_365,Electronics,19,10.072795198173196,61.18988844653673,50,4,True
366,Product_366,Sports,66,11.672346346707933,69.7388123386298,47,5,False
367,Product_367,Books,54,44.94072087066247,6.449094645638045,48,10,True
368,Product_368,Books,68,43.965016739840536,23.581755977753918,45,13,False
369,Product_369,Clothing,85,4.50009484491134,340.1960350831587,52,4,True
370,Product_370,Electronics,10,4.474723001713284,127.36780773337617,51,8,False
371,Product_371,Electronics,37,12.71354951533723,60.865115034774576,60,4,False
372,Product_372,Home,80,3.3701329658442933,186.00134173694227,41,4,False
373,Product_373,Sports,67,10.450455204190908,62.23944204455989,60,11,False
374,Product_374,Sports,75,9.515793716121065,189.3374614924043,59,6,False
375,Product_375,Electronics,46,107.05074770493394,28.952056792026095,53,11,False
376,Product_376,Clothing,54,51.77291280983206,38.69701774921086,43,6,False
377,Product_377,Clothing,27,20.358469868801595,52.42820790256639,60,15,False
378,Product_378,Electronics,20,34.57408258837504,229.10616304131216,51,9,False
379,Product_379,Electronics,20,6.576993050178097,14.944181133979072,51,9,False
380,Product_380,Home,61,8.981941265756552,66.82947642617117,62,6,True
381,Product_381,Books,88,43.269002752315195,648.5365981189551,55,9,False
382,Product_382,Books,61,24.466841742247695,17.67054856181545,50,15,False
383,Product_383,Sports,93,12.453330275306202,47.87384357343431,56,11,False
384,Product_384,Electronics,35,35.45638433652604,123.77358228807007,40,10,False
385,Product_385,Electronics,52,3.5053402735182435,162.3879192586439,47,11,False
386,Product_386,Electronics,83,35.78656928987117,65.44944485606567,42,10,False
387,Product_387,Clothing,78,10.275224832858864,41.94656535242506,56,12,False
388,Product_388,Sports,52,117.56279029746464,17.340209426282424,45,9,False
389,Product_389,Books,23,17.332490199108957,489.2942313164151,48,13,False
390,Product_390,Electronics,88,44.9884903475854,88.09927219215591,53,9,False
391,Product_391,Clothing,87,24.461001755181307,35.77640063011066,43,9,False
392,Product_392,Home,58,143.53338053789736,32.30602193511233,51,7,False
393,Product_393,Clothing,50,17.459892899673,86.7799746605841,44,7,False
394,Product_394,Sports,79,35.4174025107421,91.28197467224469,38,11,False
395,Product_395,Clothing,9,29.048768364557205,14.585980169574187,42,10,False
396,Product_396,Books,94,10.864485486608338,323.6875318857297,57,16,False
397,Product_397,Sports,32,8.849941890209633,27.23038167021997,53,8,False
398,Product_398,Books,18,22.875541543505918,13.701742234033626,59,7,False
399,Product_399,Books,63,17.964809405797833,61.58744517024011,52,13,False
400,Product_400,Books,19,10.665851475199077,159.88647525894535,47,5,False
401,Product_401,Home,87,164.698061110439,111.58047944836761,53,9,False
402,Product_402,Electronics,95,17.306661099857116,68.35140996702705,40,6,False
403,Product_403,Home,20,25.645770665435798,49.42119879800835,47,12,False
404,Product_404,Electronics,39,14.652634719594351,26.18518549197299,45,7,False
405,Product_405,Clothing,59,12.664363302133687,72.51259411817283,61,12,False
406,Product_406,Clothing,34,8.12064959668492,31.260749688126527,52,10,False
407,Product_407,Electronics,62,10.385059206901644,14.936209381990798,52,7,False
408,Product_408,Home,12,14.747040758081688,71.86209179598319,53,17,False
409,Product_409,Clothing,20,10.125608380030453,290.8213049593538,52,6,False
410,Product_410,Clothing,98,7.91756901243354,55.8251905502419,46,13,False
411,Product_411,Books,41,4.86603670773273,25.932662074084384,39,9,False
412,Product_412,Home,5,27.369892075201665,118.83168404263594,43,12,False
413,Product_413,Sports,66,27.650061440908946,50.3512082060608,44,13,False
414,Product_414,Clothing,19,27.21359454544208,73.47354608019856,53,9,False
415,Product_415,Sports,71,8.093650603147587,59.424097995193065,60,7,True
416,Product_416,Books,4,181.02882041023713,85.28465365772897,49,6,False
417,Product_417,Electronics,46,2.2639377628020676,42.99482481518354,44,14,False
418,Product_418,Clothing,75,55.35263132311106,14.452914355834162,48,17,False
419,Product_419,Home,50,20.7253983514672,16.68263531142377,47,10,False
420,Product_420,Home,25,80.6368785951554,49.680363260212296,35,9,False
421,Product_421,Clothing,48,6.8695463881523136,21.61484789200548,47,9,False
422,Product_422,Sports,83,112.17504067196877,58.36342718932683,62,14,False
423,Product_423,Home,94,92.7580840028017,376.7328732682054,55,9,False
424,Product_424,Electronics,70,54.8802955829791,53.9306132384046,40,8,False
425,Product_425,Electronics,2,25.139445294125558,42.11396932139086,50,19,False
426,Product_426,Books,7,28.099466444487827,47.30017138203677,41,9,False
427,Product_427,Books,45,22.79692665083357,799.835986738682,48,8,False
428,Product_428,Sports,85,61.05898254815946,19.330806072390164,60,12,False
429,Product_429,Sports,48,18.691136301627818,40.48572026058767,49,9,False
430,Product_430,Clothing,53,27.890532567002005,420.19466928750853,53,10,True
431,Product_431,Books,39,4.438064291752415,16.78014373246547,53,6,False
432,Product_432,Books,35,15.335719594567413,41.92489557973271,49,12,False
433,Product_433,Electronics,10,22.829622433565866,122.62987662467357,48,9,True
434,Product_434,Sports,9,35.96764477364422,149.77317779945687,54,14,False
435,Product_435,Home,10,11.174392283144806,178.2843458244684,44,11,False
436,Product_436,Home,55,32.42992016842315,224.388185518002,40,10,False
437,Product_437,Sports,46,12.61856024562929,156.20541587043363,39,14,False
438,Product_438,Clothing,2,11.073503535440326,110.02013625336757,52,8,False
439,Product_439,Sports,65,9.730698540106037,51.656442271742335,59,14,False
440,Product_440,Clothing,58,47.05976357580039,55.39822921506232,67,15,False
441,Product_441,Sports,59,24.91726657227095,171.11798830590246,60,11,False
442,Product_442,Clothing,50,26.014791806429137,51.149342343565,46,8,False
443,Product_443,Sports,74,44.69923645938315,75.08334978527708,40,12,False
444,Product_444,Electronics,71,19.208905249016176,67.61588576354414,55,5,False
445,Product_445,Clothing,90,73.07678957205542,126.24923331903351,51,10,False
446,Product_446,Home,51,3.792100099039924,171.35477792757843,53,13,False
447,Product_447,Books,67,12.531953636239798,49.29368960669215,59,11,False
448,Product_448,Home,91,1.7502781729045847,57.390439489616426,55,17,False
449,Product_449,Electronics,93,13.110374544136585,123.01940911309158,56,13,False
450,Product_450,Sports,83,41.371787485717604,36.43805889971132,51,14,False
451,Product_451,Books,52,18.99368769867006,61.42841830539254,47,8,False
452,Product_452,Clothing,15,17.651729272612595,22.402611760231924,39,13,False
453,Product_453,Electronics,53,11.661107805140793,127.70689350623962,43,12,False
454,Product_454,Books,33,52.22814885046744,71.98043837559148,54,17,True
455,Product_455,Home,66,84.6060424918419,103.93019763023047,55,8,False
456,Product_456,Books,40,87.55259028040638,23.567511988809496,48,15,False
457,Product_457,Clothing,8,19.86540148007246,58.01221726653699,52,9,False
458,Product_458,Sports,21,31.03796052633268,91.98475745845755,44,11,False
459,Product_459,Electronics,92,7.0347750038573125,58.7482281870518,40,8,False
460,Product_460,Books,4,43.519834021262824,52.22831804807122,44,12,False
461,Product_461,Electronics,17,27.419132208286374,105.80629122863398,50,8,False
462,Product_462,Sports,25,6.506491577861405,193.46097733179937,71,15,False
463,Product_463,Clothing,62,20.96095267619937,31.419707301181,43,11,False
464,Product_464,Electronics,32,48.87628119681598,8.980866730377967,60,9,False
465,Product_465,Home,95,20.661229811673266,25.897568758798467,56,7,False
466,Product_466,Home,59,67.38006816377931,27.395316746121043,52,10,False
467,Product_467,Home,38,21.47608811091422,10.402298061098886,63,9,False
468,Product_468,Home,66,7.21952872183771,28.302156736515677,40,16,False
469,Product_469,Clothing,94,31.90983712652411,17.033060415806293,41,7,False
470,Product_470,Books,77,74.63080839029881,71.84965844473685,45,13,False
471,Product_471,Clothing,81,34.88873403143124,14.68272199505646,47,9,False
472,Product_472,Sports,64,9.974056292673904,32.382570099771826,64,17,False
473,Product_473,Home,41,6.490851439036003,32.54385387358525,50,6,False
474,Product_474,Clothing,100,4.745423053828015,102.95980041854826,41,7,False
475,Product_475,Clothing,73,13.320578965255464,128.07093763374232,44,12,False
476,Product_476,Sports,84,20.84414587854506,87.83070929251652,51,10,False
477,Product_477,Sports,22,6.396755469897228,77.90562238984879,39,10,False
478,Product_478,Books,18,17.702327609659893,22.23757442266028,49,13,False
479,Product_479,Clothing,70,18.898439791451324,111.92701492012941,56,7,False
480,Product_480,Clothing,4,8.232649878772541,11.183461587064503,50,6,False
481,Product_481,Books,92,38.18044412103537,107.54115678143941,54,7,False
482,Product_482,Electronics,85,25.552757411461336,20.719455676217834,43,7,True
483,Product_483,Books,74,13.37941676987522,731.651409752594,50,14,False
484,Product_484,Books,11,14.74299269604515,257.3964097181094,42,11,False
485,Product_485,Electronics,9,45.38124950988962,11.164379716830787,59,8,False
486,Product_486,Books,26,4.430428011231797,83.6745913271161,59,6,False
487,Product_487,Sports,8,29.31129917097266,5.296909202633401,44,17,True
488,Product_488,Clothing,66,21.747910065754336,52.529745173676595,35,7,False
489,Product_489,Books,75,25.405836252403788,54.425865839139924,48,7,False
490,Product_490,Books,19,9.638758955133829,13.690072314491427,43,10,False
491,Product_491,Sports,17,42.28800592021823,94.80805355667309,57,11,False
492,Product_492,Books,79,73.20441716929044,29.962676075864074,48,13,False
493,Product_493,Books,16,63.57721807659176,125.95724871194668,41,15,False
494,Product_494,Sports,43,32.95941585497158,47.122371837145344,43,4,False
495,Product_495,Home,83,30.19097902298125,691.9073752712707,50,8,False
496,Product_496,Electronics,10,7.888561215870151,38.8642024988981,51,17,False
497,Product_497,Books,20,8.711097639805283,422.94948656877295,56,12,False
498,Product_498,Clothing,91,7.477624960549912,51.77576089952048,56,13,True
499,Product_499,Books,91,18.401289039502974,21.685480783336462,53,9,False
500,Product_500,Books,29,59.35275970866499,140.99061406484165,48,7,False
501,Product_501,Electronics,86,20.351761049143498,99.24756333579157,32,12,False
502,Product_502,Books,64,4.102135825828386,88.63227916717865,54,11,False
503,Product_503,Electronics,41,96.97072628735437,3.491681796185936,50,7,False
504,Product_504,Clothing,90,63.26539248903356,434.5219529547106,58,12,False
505,Product_505,Sports,46,25.40708593208302,163.07313918298937,46,10,False
506,Product_506,Sports,1,4.303080574434717,75.95597913610354,53,7,False
507,Product_507,Clothing,19,17.729611441284003,31.9719932124897,39,17,False
508,Product_508,Sports,41,8.861771495061449,82.04048441497746,52,17,False
509,Product_509,Clothing,18,9.23371868731406,210.86787646793775,62,17,False
510,Product_510,Books,89,8.746859967306579,11.803530560843313,51,7,False
511,Product_511,Books,1,19.83086906728466,156.1297432407713,39,5,False
512,Product_512,Clothing,54,3.253192729322401,34.28237546354589,46,11,False
513,Product_513,Books,90,29.55049651428295,33.06731215693547,58,12,False
514,Product_514,Home,13,136.54455947002026,33.03460917714895,52,11,False
515,Product_515,Books,10,58.889873415641794,15.863226851551815,48,11,False
516,Product_516,Electronics,89,8.98793118193985,38.224435249116446,55,9,False
517,Product_517,Home,27,3.825316149011605,16.423028523379003,44,8,False
518,Product_518,Books,61,33.266837081876616,102.53219740010026,43,17,False
519,Product_519,Books,47,20.808800765085028,223.8380621341559,72,8,False
520,Product_520,Clothing,31,61.89901372618164,82.24864077379223,58,12,False
521,Product_521,Home,74,24.589715928593932,95.49128896901759,40,9,False
522,Product_522,Home,88,75.68812136889004,60.34739816532484,61,19,False
523,Product_523,Sports,67,20.268805472255966,88.48130962287375,57,8,False
524,Product_524,Sports,93,21.64094729269459,217.1003085241034,60,4,False
525,Product_525,Books,32,15.481790343950834,40.8502452137037,49,11,True
526,Product_526,Home,85,3.531887614043867,198.85168921870203,48,16,False
527,Product_527,Sports,31,24.75770790819779,258.0830231424616,48,9,False
528,Product_528,Sports,5,9.932667903537306,124.43210285196113,47,11,False
529,Product_529,Home,70,8.899675382765478,60.12349993408258,45,9,False
530,Product_530,Electronics,57,35.13934216854007,237.24508027767968,48,18,False
531,Product_531,Clothing,44,16.961422846646748,21.859641064612298,36,11,False
532,Product_532,Clothing,98,13.120732880382574,117.81981152505996,37,14,False
533,Product_533,Electronics,58,17.7530249017425,159.5595880518893,48,11,False
534,Product_534,Clothing,15,18.106896058199034,29.08617924901949,62,15,False
535,Product_535,Books,12,74.79724568716293,558.2015828781867,48,9,False
536,Product_536,Electronics,49,133.75461327584077,20.72505446530923,64,13,False
537,Product_537,Clothing,52,90.0898257341151,48.235437533963086,51,7,False
538,Product_538,Electronics,2,22.486507417712435,41.30882299956044,57,5,False
539,Product_539,Electronics,48,8.565127103353849,140.9580577062798,65,13,False
540,Product_540,Books,89,30.450496140201402,58.67716888768107,55,12,True
541,Product_541,Sports,92,4.7694095211567715,3.387371766910232,49,11,False
542,Product_542,Sports,56,77.25528890381291,52.1513781509742,53,7,False
543,Product_543,Clothing,21,22.13488187290481,56.21960534079675,50,10,False
544,Product_544,Electronics,42,51.79920172937475,54.370482199736486,58,7,False
545,Product_545,Books,61,17.84611591137344,34.396706593633816,57,10,False
546,Product_546,Home,43,14.057864229389583,121.05757085763435,38,10,False
547,Product_547,Sports,54,60.887437952391764,5.924610473583518,42,15,False
548,Product_548,Home,73,10.306987960781315,13.275544172413545,43,10,False
549,Product_549,Clothing,73,35.43490270260683,181.11846213978356,44,11,False
550,Product_550,Books,20,7.094907219247156,141.06651057450281,39,12,False
551,Product_551,Sports,41,16.707100178594835,56.29746205141559,46,10,False
552,Product_552,Clothing,84,9.26200603221434,38.08519932332935,59,8,False
553,Product_553,Sports,57,28.17062105756759,23.853705971023253,45,9,True
554,Product_554,Clothing,98,34.680083757157924,40.515791663950125,49,7,False
555,Product_555,Home,18,36.45676169273842,2.656498334576108,42,13,False
556,Product_556,Sports,31,15.097941853455461,152.1875786301367,46,7,True
557,Product_557,Home,95,29.407734701261834,44.30721580137646,52,11,True
558,Product_558,Home,27,24.45783212023836,29.709246506619007,53,11,True
559,Product_559,Sports,21,25.371505100237606,117.65953565271548,52,12,False
560,Product_560,Electronics,89,61.95382146723568,77.6944365481295,43,10,False
561,Product_561,Books,17,41.39003090374939,82.15246213756944,44,7,False
562,Product_562,Electronics,73,32.32748105154328,96.19508882435487,45,9,False
563,Product_563,Electronics,4,7.550900750192342,210.27548153852408,54,7,False
564,Product_564,Electronics,61,12.774659836859152,25.68151046761005,65,5,True
565,Product_565,Books,32,34.031483003542235,143.49978715461373,53,11,False
566,Product_566,Books,50,39.590028598637375,58.60751998301557,42,12,False
567,Product_567,Home,28,34.831044885527234,160.65726629960056,44,15,False
568,Product_568,Home,64,56.499040570441664,252.39385870235176,56,12,False
569,Product_569,Clothing,18,19.43935992387772,25.230596432310293,60,9,False
570,Product_570,Sports,52,24.874946554467677,10.982959655364152,53,12,True
571,Product_571,Clothing,4,63.07460166879151,153.93797143038068,43,10,False
572,Product_572,Clothing,97,33.73049802308146,95.4282852300018,54,12,False
573,Product_573,Electronics,34,17.561568336157855,176.45403941213442,60,13,False
574,Product_574,Electronics,14,82.26253403075741,9.521932783049238,49,12,False
575,Product_575,Clothing,17,120.614772307586,312.493705509656,48,8,False
576,Product_576,Electronics,38,53.89701928135585,103.14793039629305,41,7,False
577,Product_577,Books,58,21.375883485952336,111.25433154447938,42,12,False
578,Product_578,Home,55,13.218573118487807,202.4642166502565,62,9,False
579,Product_579,Clothing,7,13.93390814669447,41.598238701281645,47,10,False
580,Product_580,Electronics,38,46.787775061338216,35.67118782940895,42,9,False
581,Product_581,Clothing,94,2.898237337675203,24.40229743849275,47,18,False
582,Product_582,Clothing,12,10.474401069401715,19.4325755180912,39,13,False
583,Product_583,Books,29,8.490579015310598,387.82448808207494,51,7,False
584,Product_584,Books,90,30.834844056130724,48.04509197971071,47,12,False
585,Product_585,Books,70,6.561661552197388,79.03254674164903,50,6,False
586,Product_586,Clothing,50,3.9668501896910153,32.5055732577577,55,9,False
587,Product_587,Sports,61,8.150154126788856,50.2970087064917,53,9,False
588,Product_588,Books,86,27.049964101137874,29.860335663144934,45,11,True
589,Product_589,Clothing,3,56.66216721200831,32.92558102173633,55,12,False
590,Product_590,Books,19,17.12843985044958,127.68298106467962,50,9,False
591,Product_591,Clothing,52,73.0244944441982,58.45551162549733,48,9,False
592,Product_592,Sports,1,5.053587804918325,8.755157491762132,39,9,False
593,Product_593,Sports,9,23.696368396166328,21.427739058464397,63,12,False
594,Product_594,Clothing,88,11.451492483323781,15.82879664901238,47,7,False
595,Product_595,Sports,92,5.248870100861559,41.69786224828462,57,7,False
596,Product_596,Home,4,4.193484233591183,43.88817111304167,53,17,False
597,Product_597,Home,29,9.051297817246166,77.71245274890396,44,5,False
598,Product_598,Clothing,69,22.956140273205264,16.909226252549143,51,9,True
599,Product_599,Sports,44,101.44857294971648,205.4170901473562,46,9,True
600,Product_600,Books,8,16.176542942134557,13.609765290756204,48,7,False
601,Product_601,Sports,68,6.389908710827533,50.12636422562756,51,5,False
602,Product_602,Sports,10,2.1354062019412483,30.671215076557928,50,13,True
603,Product_603,Sports,95,18.336447645219785,26.33539044269547,49,9,False
604,Product_604,Books,25,1.8879495461372138,224.16798519297492,51,6,False
605,Product_605,Books,62,52.62764197729699,28.13292937189883,58,10,False
606,Product_606,Electronics,39,17.4697998949417,46.82191193997211,39,7,True
607,Product_607,Electronics,24,25.707870395325074,56.085759090020964,48,11,False
608,Product_608,Books,4,3.814580316693472,20.568509358577156,62,9,False
609,Product_609,Clothing,94,3.2111754541804465,113.43974457384306,50,8,False
610,Product_610,Sports,58,7.730739571537653,138.4247414950029,48,7,False
611,Product_611,Sports,36,50.02865436438876,60.0592524118914,39,13,False
612,Product_612,Sports,59,22.665389014191234,141.69050282237805,51,9,False
613,Product_613,Home,56,20.1630871698033,27.20220246118745,56,11,False
614,Product_614,Books,95,1.5497496895836802,26.708257688028183,49,8,False
615,Product_615,Clothing,79,2.5497028009131864,20.585864168061576,59,12,False
616,Product_616,Electronics,58,41.67523916980456,59.12956514864452,51,9,False
617,Product_617,Clothing,36,6.130771629411029,290.13946300726127,50,5,False
618,Product_618,Electronics,99,26.75457364108954,124.77293413507613,52,14,False
619,Product_619,Home,99,8.241244051492622,74.23029331072095,43,10,False
620,Product_620,Electronics,67,5.878519729224756,149.74142112392929,47,9,True
621,Product_621,Electronics,26,34.606524460784264,45.486745045567744,56,10,False
622,Product_622,Sports,22,14.013074222984544,46.188651971559906,65,8,False
623,Product_623,Books,81,13.919223770052401,2.3859409112779644,60,7,True
624,Product_624,Electronics,22,12.731529347466267,1235.5336047260917,49,5,False
625,Product_625,Home,43,3.4417529687452495,161.4929133735545,49,10,False
626,Product_626,Clothing,3,10.473166571834822,8.514848656060316,37,8,False
627,Product_627,Electronics,29,3.675226953058372,41.686174560830594,51,8,True
628,Product_628,Electronics,97,15.44185791790085,43.34266601012467,47,12,False
629,Product_629,Clothing,37,27.298398648015585,2.9096576089364663,52,9,False
630,Product_630,Electronics,36,15.675900944978897,144.34549141082127,47,10,False
631,Product_631,Sports,39,75.57618261225251,6.6219285440090125,47,5,False
632,Product_632,Sports,99,29.648238220585842,65.66711762281035,60,7,False
633,Product_633,Sports,89,85.98039192327225,37.29368190772849,47,8,False
634,Product_634,Sports,94,46.37022399295377,87.41632521654401,37,9,False
635,Product_635,Sports,96,38.00644155955043,93.6540997695043,71,4,False
636,Product_636,Books,92,3.0792842325637992,26.038932361719787,44,11,False
637,Product_637,Clothing,98,239.6396956886228,23.9300903034812,55,10,False
638,Product_638,Home,60,16.549910394385996,106.5143116186504,55,11,False
639,Product_639,Sports,40,43.96092545585807,339.9219127964431,39,19,True
640,Product_640,Home,97,24.01748307868757,9.380812861887314,53,10,False
641,Product_641,Electronics,6,13.220438127314305,8.177085758703502,52,9,False
642,Product_642,Books,57,17.1783722816074,33.17453971206237,46,7,False
643,Product_643,Home,26,10.926324914503704,16.72393563431362,53,10,False
644,Product_644,Electronics,77,193.3847262450658,34.5428002408609,48,7,False
645,Product_645,Clothing,95,37.25171196868028,54.784085490061905,50,13,False
646,Product_646,Sports,48,5.8222800244438675,68.19397622883385,46,7,True
647,Product_647,Sports,68,28.513373351682688,48.03532423220205,52,6,False
648,Product_648,Electronics,35,43.57219074492929,116.17298766027871,49,7,False
649,Product_649,Clothing,71,8.581763113560331,415.4285580292453,35,9,True
650,Product_650,Home,76,4.929960948671629,28.95642676063684,49,6,False
651,Product_651,Clothing,18,53.55729090538874,60.48196027857642,49,9,False
652,Product_652,Books,94,143.71688127820735,19.760194926796892,61,6,False
653,Product_653,Clothing,95,19.733068833157894,14.788968184008635,59,10,False
654,Product_654,Home,33,52.69938142081174,191.826750333116,54,12,False
655,Product_655,Books,11,8.395907555802308,32.92356658634521,45,11,True
656,Product_656,Electronics,98,238.9705983765587,89.31080459571638,51,11,True
657,Product_657,Books,18,4.506037323907909,12.529237230783517,57,14,False
658,Product_658,Clothing,44,77.16769675013619,27.089143742409007,49,14,False
659,Product_659,Clothing,31,33.41186920966194,156.80409335314366,53,12,False
660,Product_660,Electronics,39,45.24444236432223,407.9782504849262,46,10,False
661,Product_661,Home,26,4.509791013717826,27.32097396219701,48,11,False
662,Product_662,Electronics,32,39.80411335802929,18.75513377480499,53,13,False
663,Product_663,Sports,98,72.290758866875,101.28495771410255,59,10,False
664,Product_664,Books,39,153.9817923014273,53.86340914717024,45,9,False
665,Product_665,Electronics,8,18.4263183811935,63.69946043749769,43,8,False
666,Product_666,Books,48,28.260631510220055,19.26884139429909,57,9,False
667,Product_667,Home,21,29.360592761730533,258.20191389203717,55,11,False
668,Product_668,Sports,28,5.370915092205855,109.49212977557148,52,15,False
669,Product_669,Clothing,38,6.4753085849292535,31.456920065787315,54,9,False
670,Product_670,Electronics,14,1.2164683034309263,151.71224684190256,57,12,False
671,Product_671,Books,79,12.520258206098575,275.419281266202,52,10,False
672,Product_672,Home,58,13.483398937518716,135.7043371825431,69,10,False
673,Product_673,Electronics,95,18.010953669455578,10.404353256601613,36,11,False
674,Product_674,Electronics,84,70.00329209285096,161.27016177285606,49,11,False
675,Product_675,Sports,28,44.89980372919341,168.9575876883247,59,9,False
676,Product_676,Books,88,47.71892895043441,30.074339292462767,48,13,False
677,Product_677,Clothing,71,9.788310318390566,95.56694477779757,42,12,False
678,Product_678,Clothing,46,9.716099524784223,95.70474436335343,47,14,False
679,Product_679,Clothing,74,11.117244492629633,22.153144792485424,53,9,False
680,Product_680,Books,8,15.275974975900793,103.4091444031045,63,9,False
681,Product_681,Clothing,57,12.642818242916311,110.19704244978332,46,10,False
682,Product_682,Electronics,21,10.782034579165584,60.67763355852164,57,10,False
683,Product_683,Sports,43,18.9329493094133,157.8826379748015,64,13,False
684,Product_684,Electronics,32,9.769863336217744,38.610326775199226,47,7,False
685,Product_685,Home,71,13.316052407524142,132.85772519589213,49,8,False
686,Product_686,Home,32,31.581696239574544,139.1234502277377,48,13,False
687,Product_687,Sports,26,83.60850843592206,207.15068901132622,62,6,False
688,Product_688,Electronics,38,81.1537732415253,91.27671104237368,54,12,False
689,Product_689,Home,28,43.630329980779436,139.9889077865869,48,10,False
690,Product_690,Clothing,61,10.322292820035468,16.52163199882435,39,9,False
691,Product_691,Clothing,44,30.08517332093486,30.26897239571476,46,11,False
692,Product_692,Sports,2,39.474463855926466,43.038692677848,40,13,False
693,Product_693,Sports,69,23.954765411110326,108.19562596637599,58,11,False
694,Product_694,Electronics,74,15.552400561322957,42.870014233325485,46,11,False
695,Product_695,Electronics,40,41.93413770260292,97.81551266063396,53,7,False
696,Product_696,Sports,6,50.43280766180256,15.908317195687038,58,13,False
697,Product_697,Clothing,81,12.072393866417283,17.492420753786835,54,11,False
698,Product_698,Books,25,27.222523323654247,53.37661385251121,63,9,False
699,Product_699,Sports,62,63.39589108217204,18.678596927305357,50,17,False
700,Product_700,Books,44,31.804541945824386,107.23338830574336,49,8,False
701,Product_701,Sports,73,10.651390094727388,32.015119321307246,64,6,False
702,Product_702,Sports,14,17.66356456114906,67.48675788851102,60,9,False
703,Product_703,Sports,33,42.28039532042203,70.43175052678973,44,13,False
704,Product_704,Books,78,24.53862877654412,28.42660244353293,48,10,False
705,Product_705,Electronics,57,48.433242552415706,42.47724492343695,43,6,False
706,Product_706,Home,19,10.882215810885311,160.3806497530192,31,11,False
707,Product_707,Books,9,9.72236965758696,78.07444130416928,56,12,False
708,Product_708,Books,15,153.40191935395046,16.416494164992354,53,12,False
709,Product_709,Sports,34,12.201390566153469,14.407277769749971,53,7,False
710,Product_710,Electronics,68,65.37023704071514,15.731169140200835,64,16,True
711,Product_711,Books,8,68.44107348445246,15.019582157858327,49,10,False
712,Product_712,Home,14,39.57039317389828,61.907426358674876,63,6,False
713,Product_713,Clothing,6,6.851182035861874,13.040356668323252,50,13,False
714,Product_714,Electronics,61,7.433800252197705,25.246569264300945,50,13,False
715,Product_715,Books,77,5.371694704894744,105.12063872980075,57,10,False
716,Product_716,Electronics,17,9.391791929171443,19.73727291194832,48,11,False
717,Product_717,Clothing,44,22.445737460403826,33.071471454687284,58,13,False
718,Product_718,Clothing,8,55.769979209796304,88.24287260912489,51,10,False
719,Product_719,Clothing,95,13.264037983102037,156.4372148107345,54,13,False
720,Product_720,Clothing,94,69.93391147394752,35.71388853686072,51,8,False
721,Product_721,Clothing,9,24.756384580093805,165.92200132078122,39,8,False
722,Product_722,Home,70,11.382358091761832,26.444155685319792,34,13,False
723,Product_723,Clothing,68,24.041411531161796,134.32471457302563,44,15,False
724,Product_724,Books,11,30.681048235262278,7.680467105905469,50,9,False
725,Product_725,Home,61,40.3215457424556,10.656932594793142,41,13,True
726,Product_726,Electronics,5,3.917276106039901,58.99084118550986,45,10,False
727,Product_727,Home,24,21.831540339162757,36.487565522017114,50,6,False
728,Product_728,Clothing,38,9.716878502115499,159.91191701053378,62,8,False
729,Product_729,Books,59,135.64260286558797,48.88389247886064,50,16,False
730,Product_730,Books,29,14.17818729321412,13.867517185974949,53,10,False
731,Product_731,Electronics,74,6.500376082477082,126.78016172944514,42,12,False
732,Product_732,Books,58,41.366277956260035,140.67851057128092,43,6,False
733,Product_733,Books,4,5.76988558479935,40.17469271285674,45,8,False
734,Product_734,Sports,76,9.154105268253034,104.81043776582632,44,4,False
735,Product_735,Electronics,85,12.703954183751618,41.087383121402524,47,11,False
736,Product_736,Home,19,21.183032310747496,365.86137066461885,44,8,False
737,Product_737,Clothing,100,18.201036356965755,222.55764844351305,42,13,False
738,Product_738,Sports,46,43.19804561029308,25.45643594646506,59,10,False
739,Product_739,Sports,94,20.51398892394912,238.33592075198882,49,16,False
740,Product_740,Home,75,37.07608351208112,26.538235964372166,53,5,True
741,Product_741,Books,57,91.41127046576008,292.6106379727264,50,9,False
742,Product_742,Home,39,26.01054776350432,7.551159329410557,50,11,True
743,Product_743,Sports,15,20.520038309244292,49.22560580429241,48,13,False
744,Product_744,Home,79,12.458211665036162,69.563498068356,44,6,False
745,Product_745,Home,39,41.356006993114484,156.9603443612895,47,9,False
746,Product_746,Books,38,39.78777767243139,123.8912757141823,54,8,False
747,Product_747,Clothing,23,3.929543636508902,38.9217706379626,38,10,True
748,Product_748,Home,56,79.71056936377168,5.136132358631003,59,13,False
749,Product_749,Home,75,50.93982095151846,66.90266497642678,44,10,True
750,Product_750,Electronics,14,60.24227997813544,444.873150442388,54,7,False
751,Product_751,Home,67,9.69516885073643,51.96393526055743,48,8,False
752,Product_752,Books,69,34.26248126785731,16.495038006057275,52,12,False
753,Product_753,Sports,70,19.47061969466058,52.26380376835041,56,10,False
754,Product_754,Clothing,18,86.56358126738937,154.98930871731184,43,16,False
755,Product_755,Books,65,100.98146985425484,17.66108662938899,59,14,False
756,Product_756,Electronics,10,14.740165997337916,23.163329396622565,54,7,False
757,Product_757,Clothing,58,13.377356015576256,11.39579935533119,59,10,False
758,Product_758,Home,2,11.92112605064341,11.93255315126218,40,5,False
759,Product_759,Books,45,11.768462785061391,39.93009490602942,62,12,False
760,Product_760,Books,65,36.43927667255416,70.58537235216536,49,11,False
761,Product_761,Books,84,32.25659988344432,69.20217505938598,33,9,False
762,Product_762,Books,67,79.40302476123792,5.29653618150875,48,14,False
763,Product_763,Sports,43,37.96965728945028,20.217086208162566,42,10,False
764,Product_764,Books,80,10.005011477753094,3.9340615205987537,42,12,True
765,Product_765,Books,64,13.250940841103422,14.43805372048739,59,14,False
766,Product_766,Books,51,8.850676481607158,79.79117887784444,42,7,False
767,Product_767,Books,93,58.649093564480204,106.94579930776023,57,10,False
768,Product_768,Clothing,73,52.02569538702117,21.888176073112678,35,11,False
769,Product_769,Clothing,60,16.40177815281126,36.19701324972548,33,11,False
770,Product_770,Clothing,95,12.18147584730541,44.0555071414956,57,7,False
771,Product_771,Home,50,9.960063473070674,95.71177030731842,49,16,False
772,Product_772,Clothing,58,20.559148222399873,268.24275177684206,56,8,False
773,Product_773,Clothing,65,71.61939236249914,29.836356322907758,55,15,False
774,Product_774,Home,53,70.39787213064213,84.47041205406185,46,7,False
775,Product_775,Sports,20,187.64860765387343,11.896018733884144,42,7,False
776,Product_776,Clothing,12,34.59215400460306,57.6865947879069,51,9,False
777,Product_777,Sports,4,49.54602985494869,42.071175263386266,50,7,False
778,Product_778,Sports,33,19.827785909770792,104.17908318114952,50,11,True
779,Product_779,Books,44,38.419082994890665,52.45098895918783,53,13,False
780,Product_780,Home,40,3.9366491720658368,114.70970827679214,38,8,False
781,Product_781,Books,30,34.95214680829394,374.93980010797776,59,5,True
782,Product_782,Books,57,13.365641623263022,23.772195160592315,35,12,False
783,Product_783,Books,78,7.864351707240282,63.676594520827486,41,10,False
784,Product_784,Books,65,3.680644699078229,590.0212590404436,61,10,False
785,Product_785,Home,49,9.343282242683877,41.08715923287285,56,10,False
786,Product_786,Books,86,6.166551885144259,30.33126451493829,48,4,True
787,Product_787,Clothing,48,61.47230660029022,34.04603023553453,52,5,False
788,Product_788,Sports,12,8.236225960232835,20.97488725286972,52,8,False
789,Product_789,Sports,86,22.8361714891851,144.51855601947906,44,4,False
790,Product_790,Electronics,99,3.262952780155236,21.88257667752515,37,6,False
791,Product_791,Clothing,15,45.80721030797988,74.14188838569382,46,10,False
792,Product_792,Electronics,25,19.578439384413333,119.90367809510046,45,11,False
793,Product_793,Clothing,72,9.331672518730391,431.0079149484174,53,12,True
794,Product_794,Books,25,8.689610773089958,18.09249239394641,42,13,True
795,Product_795,Home,43,56.25331007533978,29.963032196822148,48,11,False
796,Product_796,Sports,71,38.74684622043212,34.279623101950754,53,8,False
797,Product_797,Clothing,11,58.16094198051348,73.18892774628002,45,4,True
798,Product_798,Electronics,54,13.246115663942058,59.63094306369096,43,9,False
799,Product_799,Home,11,10.034227714545338,23.243521241397946,41,10,False
800,Product_800,Sports,88,10.506428651643287,174.2823280984087,46,16,False
801,Product_801,Electronics,12,26.849477685688203,6.180057315704256,45,11,False
802,Product_802,Sports,49,43.156330097365284,105.30064595187906,42,6,True
803,Product_803,Sports,7,44.93031131259829,72.72724873798953,63,12,False
804,Product_804,Books,83,6.629548003160025,408.12690075762754,47,10,False
805,Product_805,Sports,62,9.986206575682301,130.3465939729062,51,7,False
806,Product_806,Books,97,48.63268975125684,78.75720240177893,45,7,False
807,Product_807,Home,73,57.19679757274301,127.99064657883696,55,5,False
808,Product_808,Sports,2,25.658817286917817,81.47771211968495,57,9,False
809,Product_809,Sports,15,25.518655543236,35.66872163777215,62,12,False
810,Product_810,Books,67,11.602417209666797,44.519758025932774,54,8,False
811,Product_811,Clothing,53,20.74582946352444,92.41119089170797,48,7,False
812,Product_812,Books,12,4.278350200900876,400.8422222392263,54,18,False
813,Product_813,Books,91,4.211096138504911,434.59845718117646,67,13,True
814,Product_814,Home,52,5.489512632660488,41.86518220856359,53,8,False
815,Product_815,Electronics,57,50.559298802974986,36.31176277913343,44,10,False
816,Product_816,Clothing,70,5.936553432422362,61.69047849919619,53,16,False
817,Product_817,Home,14,53.44100025141252,145.54107904906814,58,10,False
818,Product_818,Clothing,76,39.83560423526606,9.994284468853825,56,7,False
819,Product_819,Clothing,55,4.860663978014485,10.792876340057292,42,7,False
820,Product_820,Clothing,65,16.34326051850935,187.5996139032265,57,3,True
821,Product_821,Clothing,68,6.637608516049218,15.648390549891834,49,7,False
822,Product_822,Home,26,10.579169903369944,12.035660537416993,51,6,False
823,Product_823,Books,60,21.98055086523934,69.59021695544182,42,4,False
824,Product_824,Sports,28,5.3099831204226025,92.1451256249393,54,9,False
825,Product_825,Clothing,25,6.5038165854726815,23.76091015554527,55,10,False
826,Product_826,Electronics,85,18.02158134079017,15.511683152157199,57,7,True
827,Product_827,Sports,63,12.021859664198994,99.85703268786754,47,12,False
828,Product_828,Sports,46,31.699667211967544,17.044178307335947,56,17,False
829,Product_829,Home,25,88.57617506055493,89.20833692519852,51,11,False
830,Product_830,Books,68,19.525621719722487,66.97030073357334,54,10,False
831,Product_831,Electronics,31,57.89121533976446,96.55797256282595,47,9,False
832,Product_832,Home,73,13.68583541730206,16.009825103407735,42,19,False
833,Product_833,Books,9,1.1671284361844627,162.86826964914448,46,16,False
834,Product_834,Sports,48,9.140422371197682,25.889030359519598,48,6,False
835,Product_835,Home,11,5.226722014333842,96.79334186808875,64,10,False
836,Product_836,Home,79,24.493582508574544,78.8639095239281,40,8,False
837,Product_837,Books,91,20.960499740287307,71.36600379171045,43,12,False
838,Product_838,Sports,36,57.74922952052703,114.41088235995505,63,9,False
839,Product_839,Books,24,32.7202985586534,40.85194426683406,54,5,False
840,Product_840,Home,42,11.175903104419968,25.966819313514698,51,6,False
841,Product_841,Books,83,18.949613091622666,39.307154587556994,52,7,False
842,Product_842,Sports,68,13.38326806253518,69.42946574890217,65,7,False
843,Product_843,Electronics,56,18.59364254704437,157.78702282019435,42,9,False
844,Product_844,Clothing,100,9.30158198538251,8.56851422971925,40,8,False
845,Product_845,Sports,72,26.71243926251498,64.11133535010096,53,6,False
846,Product_846,Clothing,39,39.78063290157255,35.94072041620528,48,14,False
847,Product_847,Sports,78,27.97062918675805,50.978141686659846,58,10,False
848,Product_848,Books,51,162.9625759163692,37.24283361481232,62,11,True
849,Product_849,Clothing,52,22.60407895702226,49.640704213440245,62,11,False
850,Product_850,Clothing,27,6.086519471820801,47.195167055996755,54,6,False
851,Product_851,Clothing,91,25.47903924793609,8.93690562648971,60,7,False
852,Product_852,Books,16,13.425927775005109,20.19920461713525,43,7,False
853,Product_853,Books,40,30.360896712172504,509.66044028386506,44,9,False
854,Product_854,Books,92,13.952084433416033,134.2167830111836,47,9,False
855,Product_855,Home,58,16.45388196687076,367.29887779035204,57,18,False
856,Product_856,Home,50,8.893712933300252,18.264301622668754,47,12,False
857,Product_857,Electronics,88,22.19511707333834,150.57448327694436,53,7,False
858,Product_858,Electronics,47,23.820660596420648,18.303947914631298,55,11,False
859,Product_859,Home,31,36.14101951289219,205.91005728018482,43,18,False
860,Product_860,Electronics,69,29.002531475491676,27.958470500811924,41,11,False
861,Product_861,Home,20,21.997644786466825,32.44156971078342,52,8,False
862,Product_862,Electronics,21,4.5755541757329725,39.26879916290809,50,4,False
863,Product_863,Electronics,52,29.295608984261484,14.634685137387178,55,11,True
864,Product_864,Clothing,66,19.295996974103737,21.57331094529215,52,5,False
865,Product_865,Books,15,3.0084319991261306,20.87786755458,54,4,True
866,Product_866,Electronics,100,19.815307537909227,31.464199814103637,45,12,False
867,Product_867,Electronics,93,20.0002756970251,55.69891066111338,50,9,False
868,Product_868,Books,20,73.5463974229832,405.63948638886814,55,13,False
869,Product_869,Electronics,77,17.442997044471984,18.09455602296552,54,7,False
870,Product_870,Clothing,53,82.40960893539479,341.7326359358977,53,8,False
871,Product_871,Home,78,9.18194678663472,29.82083649762988,51,4,False
872,Product_872,Electronics,94,24.915299621677264,68.63577892517601,41,10,False
873,Product_873,Books,53,9.467390655695748,178.76733939956924,56,12,True
874,Product_874,Electronics,67,14.41021979351647,128.30586944177475,53,7,False
875,Product_875,Home,64,8.308767879476392,44.45967029556222,45,7,False
876,Product_876,Electronics,56,10.651551908538867,53.136762525561004,43,7,False
877,Product_877,Electronics,58,13.760900080477294,115.28594031102992,39,14,False
878,Product_878,Books,66,3.786612116769479,123.52196266262806,58,7,False
879,Product_879,Sports,32,6.8653076017035986,22.08542299091353,58,11,False
880,Product_880,Books,16,24.324280831287165,214.90160498714317,48,12,False
881,Product_881,Sports,37,12.039034000254242,16.28429447620945,35,5,False
882,Product_882,Sports,55,45.02006806352282,62.35176308098249,48,13,False
883,Product_883,Sports,48,41.16742922536936,583.3318036376295,43,12,False
884,Product_884,Sports,33,10.611894694681467,19.289931383589096,37,10,False
885,Product_885,Sports,40,39.1323188778584,48.75053589215443,46,12,False
886,Product_886,Electronics,16,5.327129263004023,46.31647877390415,51,7,True
887,Product_887,Books,49,7.738592163008412,32.75505873567863,56,7,False
888,Product_888,Sports,35,13.708653114522907,116.90508048921116,64,13,False
889,Product_889,Electronics,92,34.849615496282134,25.87245607979183,62,10,True
890,Product_890,Home,42,17.325664245067397,24.891598262448163,54,6,False
891,Product_891,Books,70,29.919049099933595,17.875346861022873,36,8,False
892,Product_892,Clothing,44,5.77496790028734,24.70738024127841,47,8,False
893,Product_893,Home,55,166.50654905752256,16.541320433207705,53,4,False
894,Product_894,Home,1,9.234148963148577,58.15524962924296,34,6,False
895,Product_895,Books,16,78.05485229445092,199.94801938990082,63,9,False
896,Product_896,Books,42,33.59060908506054,53.157221272400726,46,11,False
897,Product_897,Clothing,44,27.0644397936828,9.75591697810404,55,12,False
898,Product_898,Sports,38,14.64860438677389,77.7066072965411,67,9,True
899,Product_899,Electronics,18,21.514220226336356,32.745288440124,61,10,False
900,Product_900,Electronics,90,64.966998889328,63.09905117035617,63,14,False
901,Product_901,Books,71,31.42010350942604,64.7649480006415,38,5,False
902,Product_902,Clothing,59,28.115867426250702,27.15817190519447,48,11,False
903,Product_903,Electronics,48,23.87537638178684,540.148621602809,55,8,False
904,Product_904,Electronics,52,39.01598039895438,80.01865693219061,51,8,False
905,Product_905,Sports,75,11.331546354381363,32.095902144204786,46,15,True
906,Product_906,Home,10,11.41484964877331,61.463195772228964,53,5,False
907,Product_907,Clothing,23,30.163364312887357,89.55945431681135,51,9,False
908,Product_908,Clothing,19,58.60103002193918,124.57678101649735,49,12,False
909,Product_909,Sports,54,5.0483946429898054,23.878433503700897,47,7,False
910,Product_910,Clothing,15,10.76398417626707,96.9017623563901,49,13,True
911,Product_911,Clothing,63,27.17438357350008,105.47832778118273,41,10,False
912,Product_912,Electronics,49,19.878352433848583,63.80385226887056,51,9,False
913,Product_913,Home,76,66.43541034681093,164.69377864738027,52,9,False
914,Product_914,Books,98,21.096104976762806,53.64573746617422,51,10,False
915,Product_915,Electronics,66,51.89305776369604,84.52300576223948,45,8,False
916,Product_916,Sports,69,26.208408372824614,98.02743386782086,36,10,False
917,Product_917,Sports,68,22.05006825407427,59.18635397662132,45,16,False
918,Product_918,Electronics,30,5.939739381733636,116.63889750647192,41,10,False
919,Product_919,Electronics,73,31.88019846617256,87.6720658720035,58,5,False
920,Product_920,Electronics,65,183.9534594036044,22.80952712506989,57,10,False
921,Product_921,Electronics,19,24.140309782909597,172.83860429342215,50,12,False
922,Product_922,Sports,65,50.2783767437941,16.809034380279645,54,11,False
923,Product_923,Clothing,77,30.226237020922987,138.07892309975952,48,7,False
924,Product_924,Sports,25,19.69734929082598,175.2633321511466,50,7,False
925,Product_925,Home,15,4.209645932363157,116.8268590055193,46,10,True
926,Product_926,Electronics,81,46.38582105574394,105.0741239026712,51,8,False
927,Product_927,Sports,68,20.957648644057908,32.13129202483669,46,9,False
928,Product_928,Sports,52,23.022123291710628,129.392301171922,63,16,False
929,Product_929,Electronics,22,19.462117646152993,15.66807308231465,50,7,False
930,Product_930,Sports,11,14.3212259327837,41.83525031825574,61,14,False
931,Product_931,Sports,54,16.819605091025867,57.71924505482569,50,6,False
932,Product_932,Clothing,9,50.133322937292895,19.72210070145618,33,5,False
933,Product_933,Books,3,29.25219785812144,64.55976019437973,45,13,False
934,Product_934,Home,17,46.63854877382177,73.02173316210809,54,14,False
935,Product_935,Home,11,16.324514211281983,4.636513399800668,51,7,False
936,Product_936,Home,71,16.56119787802253,16.157150438022963,42,13,False
937,Product_937,Electronics,15,10.805966956775212,13.400953119820285,50,11,False
938,Product_938,Electronics,17,20.53791277917413,76.68962278832548,64,8,False
939,Product_939,Books,43,37.907512756325076,277.73553496339247,38,11,False
940,Product_940,Clothing,74,11.705645579270518,48.29019954688388,63,13,True
941,Product_941,Electronics,87,55.323926751709564,17.146552369346253,58,14,False
942,Product_942,Clothing,6,31.333009416630365,135.47897693243112,58,8,False
943,Product_943,Books,60,96.74801485574582,55.00736482373535,40,9,False
944,Product_944,Books,51,4.65888650250451,64.82055919364538,46,16,False
945,Product_945,Sports,45,56.85231350376637,142.4813970485851,53,14,True
946,Product_946,Books,53,61.78303298944225,40.0757278004877,42,13,False
947,Product_947,Books,60,8.187460891913325,82.87305479190543,50,12,False
948,Product_948,Sports,1,26.22124288539421,128.6130660081473,47,10,False
949,Product_949,Clothing,7,42.47366334464167,25.952484325415586,44,5,False
950,Product_950,Books,76,34.29089379414124,13.571058969011359,42,15,True
951,Product_951,Books,90,50.64090845737552,293.26111088635946,52,7,False
952,Product_952,Electronics,100,17.237686605213103,34.443290650993966,39,9,False
953,Product_953,Electronics,83,6.659908128390622,18.462350745672165,54,11,False
954,Product_954,Sports,48,12.248545120754777,546.7894571738148,51,10,False
955,Product_955,Books,42,13.487250606804938,432.5046009848448,50,12,True
956,Product_956,Electronics,21,12.347004912162678,100.62274667851474,53,8,False
957,Product_957,Sports,70,13.312800753824252,8.156353931276282,52,8,False
958,Product_958,Home,6,20.452127634598668,7.938476913657287,58,14,False
959,Product_959,Electronics,85,40.63628507841211,191.62783607527842,60,11,False
960,Product_960,Electronics,1,41.08543640524986,193.79189386313416,45,5,False
961,Product_961,Clothing,87,22.49898809720035,166.41917385191746,43,7,False
962,Product_962,Electronics,37,11.24963500870049,4.8870714759423395,49,8,False
963,Product_963,Clothing,57,20.867018425505936,14.77285473574717,51,10,False
964,Product_964,Sports,86,52.89270679041324,11.179324145972608,53,12,False
965,Product_965,Books,46,58.92535576480685,45.30955283779526,54,12,False
966,Product_966,Books,35,3.9498676070301073,103.48159006522009,37,13,False
967,Product_967,Electronics,34,13.453125796488079,66.80915265650981,43,5,False
968,Product_968,Sports,99,14.546734573902873,64.15255458415385,62,18,True
969,Product_969,Clothing,36,29.28221811856521,745.5644835027603,51,16,False
970,Product_970,Sports,90,5.718508303187597,18.40655239920835,49,7,False
971,Product_971,Electronics,9,8.787782012003486,8.83433397267613,41,14,False
972,Product_972,Home,78,8.908011176376617,46.2844979486789,59,9,False
973,Product_973,Books,26,31.374995543208723,34.457930096542775,43,5,False
974,Product_974,Sports,42,11.840816736823939,69.08810331065814,44,7,False
975,Product_975,Sports,53,11.970399219690778,22.327196719868237,50,11,False
976,Product_976,Books,23,2.948291491252529,39.833709402758636,45,12,False
977,Product_977,Home,70,7.2909767087412085,32.31652276642502,48,6,False
978,Product_978,Sports,57,4.612519750421198,81.46938998820214,61,9,False
979,Product_979,Sports,46,121.36549791815905,100.35147910592353,51,11,True
980,Product_980,Home,20,28.77367101518429,13.558625466861699,56,9,False
981,Product_981,Electronics,52,8.44636577202819,388.4938850437445,47,9,False
982,Product_982,Books,49,39.19496940997827,131.06718531985956,48,10,False
983,Product_983,Electronics,26,5.205150345442679,54.297714644731826,50,8,True
984,Product_984,Home,21,9.2507910973282,64.910759180481,47,6,False
985,Product_985,Clothing,35,24.287410727723085,63.56892406560893,50,11,False
986,Product_986,Books,28,12.963198685827914,268.4828640228217,43,11,False
987,Product_987,Clothing,30,16.924142951194796,44.72361431192571,53,12,False
988,Product_988,Electronics,59,12.078433583407064,251.99841582191152,52,8,False
989,Product_989,Clothing,34,35.11625821266502,31.471763051616943,43,9,False
990,Product_990,Books,8,49.96964103715621,51.644579538352026,41,9,False
991,Product_991,Electronics,40,18.307718293087834,38.87719830355325,63,11,False
992,Product_992,Books,65,23.039198899571417,21.113364446106896,63,12,False
993,Product_993,Sports,86,6.155019977200296,24.587629476863206,56,9,False
994,Product_994,Books,51,21.634042087892034,28.084139212695096,50,7,False
995,Product_995,Books,48,1.8518828933883695,7.250657529976185,48,6,False
996,Product_996,Electronics,38,34.602696710552756,25.929932455484312,43,9,False
997,Product_997,Books,13,11.340904345843958,971.5730399240505,55,11,False
998,Product_998,Electronics,82,265.9362763068489,55.03820419662046,47,9,False
999,Product_999,Sports,35,23.899855076650542,250.3786660233731,51,9,True
1000,Product_1000,Sports,27,4.045623170343506,17.38497542579171,42,16,True
